Date,Time,Fiscal Import,Fiscal Export,Fiscal Check Import,Fiscal Check Export,M2 - Generator Import,M2 - Generator Export,M3 - CHP,M4 - Pellet Line,M14 - Pellet Line New,M5 - KMH,M10 - Belt Dryer,M11b - Emergency Generator,M12 - Hot Water,EFS 18 (G3),ORC - Total Parallel Time,P2 - ORC Heat Meter,RHI P4 - Balance Cooler Heat Meter,RHI P6 - Drier Heat Meter,G2 Dryer Heat Meter,P8 - Economiser Heat Meter,P9 - Condensor Heat Meter,condinsate Totalizer (m3/h),Water,Caustic Tank,,Turbine Uptime [%],Generated Power [MWh],Exported Power [MWh],Power Imported [MWH],Power Usage Pellet Plant (MWh),Heat Produced (ORC) [MWh],Heat Produced (HRU) [MWh],Heat Consumed [MWh],G2 Heat Consumed [MWh],Water Usage [m3],Balance cooler heat,Condinsate Usage [m3],Caustic Usage [Ltrs],Cobine heat Consumed,heat condenser,Heat Economiser
31/12/2025,23:59:59,261866,22722,261760,22718,334,79241228,29270374,35397700,40253206,4077468,12023689,1543,758535,8713,98592,972327,20919,237659,49840,2489,152277,160242,89972,5300,,,,,,,,,,,,,,,,,
01/01/2026,23:59:59,262041,22722,261934,22718,334,79298637,29288483,35430105,40261864,4080595,12029952,1543,759102,8750,98616,972604,20921,237947,49897,2506,152325,160280,89982,5300,,1,57.409,0,17.5,41.063,277,65,288,57,10,2,38,0,345,48,17
02/01/2026,23:59:59,262241,22724,262134,22719,334,79349271,29304980,35459959,40269560,4084956,12035607,1543,759682,8788,98638,972850,20924,238210,49951,2514,152370,160316,90008,5200,,0.9166666666666666,50.634,0.2,20,37.55,246,53,263,54,26,3,36,100,317,45,8
03/01/2026,23:59:59,262425,22724,262319,22719,334,79405910,29322713,35492074,40278214,4089116,12041717,1543,760265,8827,98662,973124,20925,238501,50010,2515,152426,160360,90018,5200,,1,56.639,0,18.4,40.769,274,57,291,59,10,1,44,0,350,56,1
04/01/2026,23:59:59,262607,22724,262500,22719,334,79462928,29340657,35524861,40287378,4092518,12048030,1543,760854,8865,98686,973401,20926,238794,50069,2516,152481,160401,90028,5200,,1,57.018,0,18.2,41.951,277,56,293,59,10,1,41,0,352,55,1
05/01/2026,23:59:59,262804,22727,262697,22722,334,79519592,29358658,35556984,40296075,4097063,12054287,1543,761445,8910,98710,973673,20928,239088,50130,2516,152541,160448,90039,5200,,1,56.664,0.3,19.7,40.82,272,60,294,61,11,2,47,0,355,60,0
06/01/2026,23:59:59,262979,22727,262872,22723,334,79576163,29376794,35588609,40304718,4100002,12060505,1543,762035,8953,98734,973944,20929,239375,50193,2520,152601,160494,90054,5200,,1,56.571,0,17.5,40.268,271,64,287,63,15,1,46,0,350,60,4
07/01/2026,23:59:59,263055,22842,262948,22838,334,79631074,29394676,35604853,40309440,4101728,12066684,1543,762647,8973,98758,974208,20935,239675,50253,2529,152679,160568,90072,5100,,1,54.911,11.5,7.6,20.966,264,87,300,60,18,6,74,100,360,78,9
08/01/2026,23:59:59,263235,22856,263129,22851,334,79683897,29411678,35633587,40317519,4103766,12072230,1543,763304,9012,98782,974462,20937,239959,50328,2548,152755,160645,90079,5100,,1,52.823,1.4,18,36.813,254,95,284,75,7,2,77,0,359,76,19
09/01/2026,23:59:59,263396,22858,263290,22853,334,79739125,29428996,35661282,40325711,4106584,12077359,1543,763987,9059,98806,974727,20938,240246,50413,2568,152838,160727,90100,5100,,1,55.228,0.2,16.1,35.887,265,103,287,85,21,1,82,0,372,83,20
10/01/2026,23:59:59,263486,22863,263379,22859,334,79793873,29446532,35684736,40331842,4109098,12083208,1543,764630,9107,98830,974991,20940,240546,50491,2586,152929,160827,90104,5000,,1,54.748,0.5,9,29.585,264,109,300,78,4,2,100,100,378,91,18
11/01/2026,23:59:59,263629,22873,263522,22868,334,79847942,29464297,35707580,40338693,4112262,12089307,1543,765288,9138,98854,975252,20953,240814,50575,2599,153013,160925,90146,4900,,1,54.069,1,14.3,29.695,261,97,268,84,42,13,98,100,352,84,13
12/01/2026,23:59:59,263876,22873,263769,22868,334,79904520,29485063,35741454,40348832,4115317,12097820,1543,765916,9176,98878,975524,20963,241117,50645,2619,153100,161022,90160,4800,,1,56.578,0,24.7,44.013,272,107,303,70,14,10,97,100,373,87,20
13/01/2026,23:59:59,264092,22874,263985,22870,334,79959501,29503999,35772870,40358911,4117639,12104682,1543,766581,9219,98902,975785,20971,241397,50720,2638,153180,161099,90177,4750,,1,54.981,0.1,21.6,41.495,261,99,280,75,17,8,77,50,355,80,19
14/01/2026,23:59:59,264270,22878,264163,22873,334,80015021,29521741,35804238,40368910,4120158,12110576,1543,767212,9266,98926,976052,20973,241689,50796,2657,153260,161181,90189,4700,,1,55.52,0.4,17.8,41.367,267,99,292,76,12,2,82,50,368,80,19
15/01/2026,23:59:59,264457,22878,264350,22873,334,80070433,29540570,35835134,40378458,4122364,12117445,1543,767866,9312,98950,976316,20975,241981,50873,2676,153344,161263,90203,4600,,1,55.412,0,18.7,40.444,264,103,292,77,14,2,82,100,369,84,19
16/01/2026,23:59:59,264596,22880,264489,22876,334,80125240,29559583,35862938,40387326,4124641,12124605,1543,768465,9354,98974,976580,20976,242285,50936,2694,153425,161343,90218,4600,,1,54.807,0.2,13.9,36.672,264,99,304,63,15,1,80,0,367,81,18
17/01/2026,23:59:59,264776,22882,264669,22877,334,80181565,29579174,35894184,40397530,4127888,12132220,1543,769061,9393,98998,976846,20978,242589,50994,2713,153501,161422,90227,4500,,1,56.325,0.2,18,41.45,266,95,304,58,9,2,79,100,362,76,19
18/01/2026,23:59:59,264947,22882,264840,22877,334,80236279,29597687,35925900,40407535,4130511,12139070,1543,769640,9430,99022,977108,20980,242891,51053,2732,153579,161499,90238,4500,,1,54.714,0,17.1,41.721,262,97,302,59,11,2,77,0,361,78,19
19/01/2026,23:59:59,265147,22882,265040,22877,334,80291185,29615499,35988148,40417766,4133306,12145196,1543,770228,9467,99046,977371,20981,243190,51117,2751,153658,161579,90249,4500,,1,54.906,0,20,72.479,263,98,299,64,11,1,80,0,363,79,19
20/01/2026,23:59:59,265345,22882,265237,22877,334,80346873,29633821,35990141,40427953,4135395,12151678,1543,770826,9504,99070,977637,20983,243483,51186,2769,153734,161656,90262,4350,,1,55.688,0,19.8,12.18,266,94,293,69,13,2,77,150,362,76,18
21/01/2026,23:59:59,265437,22933,265329,22929,335,80383644,29647529,36002808,40431899,4136344,12156041,1543,771489,9552,99089,977820,20990,243686,51232,2776,153767,161725,90280,4300,,0.7916666666666666,36.771,5.1,9.2,16.613,183,40,203,46,18,7,69,50,249,33,7
22/01/2026,23:59:59,265578,22933,265471,22929,335,80439181,29664611,36034013,40440472,4139069,12161401,1543,772038,9594,99113,978084,20992,243943,51290,2786,153807,161751,90299,4250,,1,55.537,0,14.1,39.778,264,50,257,58,19,2,26,50,315,40,10
23/01/2026,23:59:59,265762,22933,265655,22929,335,80494580,29681592,36066194,40450022,4142095,12166812,1543,772598,9634,99137,978348,20993,244222,51349,2800,153867,161789,90320,4200,,1,55.399,0,18.4,41.731,264,74,279,59,21,1,38,50,338,60,14
24/01/2026,23:59:59,265986,22933,265878,22929,335,80548540,29699514,36098599,40460091,4145176,12173280,1543,773193,9668,99161,978606,20995,244517,51420,2817,153955,161866,90338,4200,,1,53.96,0,22.4,42.474,258,105,295,71,18,2,77,0,366,88,17
25/01/2026,23:59:59,266188,22933,266081,22929,335,80603477,29717241,36131573,40469847,4148220,12179315,1543,773788,9704,99185,978868,20997,244811,51488,2836,154035,161956,90355,4100,,1,54.937,0,20.2,42.73,262,99,294,68,17,2,90,100,362,80,19
26/01/2026,23:59:59,266406,22933,266298,22929,335,80658855,29735285,36164954,40479653,4151739,12185504,1543,774413,9744,99209,979132,20998,245096,51559,2854,154107,162035,90370,4000,,1,55.378,0,21.8,43.187,264,90,285,71,15,1,79,100,356,72,18
27/01/2026,23:59:59,266640,22934,266532,22929,336,80706576,29752202,36196448,40488447,4154726,12191179,1543,775057,9788,99231,979363,21002,245368,51623,2869,154173,162111,90384,3900,,0.9166666666666666,47.721,0.1,23.4,40.288,231,81,272,64,14,4,76,100,336,66,15
28/01/2026,23:59:59,266849,22941,266741,22937,336,80762093,29770973,36228234,40497752,4157593,12197978,1543,775675,9829,99255,979630,21003,245678,51694,2878,154266,162182,90404,3900,,1,55.517,0.7,20.9,41.091,267,102,310,71,20,1,71,0,381,93,9
29/01/2026,23:59:59,267031,22941,266923,22937,336,80817242,29791012,36264684,40508495,4161215,12206124,1543,776290,9866,99279,979894,21005,245989,51758,2895,154356,162270,90415,3850,,1,55.149,0,18.2,47.193,264,107,311,64,11,2,88,50,375,90,17
30/01/2026,23:59:59,267093,22949,266985,22944,336,80871471,29808607,36284487,40514302,4162645,12212154,1543,776880,9908,99303,980151,21007,246281,51822,2914,154436,162371,90424,3800,,1,54.229,0.8,6.2,25.61,257,99,292,64,9,3,101,50,356,80,19
31/01/2026,23:59:59,267201,22954,267093,22950,336,80926430,29826764,36313095,40522720,4164752,12218870,1543,777459,9951,99327,980413,21008,246579,51886,2932,154515,162455,90443,3700,,1,54.959,0.5,10.8,37.026,262,97,298,64,19,1,84,100,362,79,18
,,,,,,,,,,,,,,,,,,,,,,,,,,,,,,,,,,,,,,,,10966,2238,
